Handle,Tags
vamas-womens-brocade-padded-front-open-elbow-sleeves-saree-blouse-x-996-elb,"size-32, size-34, size-36, size-38, size-40, size-42"
vamas-womens-brocade-padded-back-open-sleeveless-saree-blouse-x-995-ns,"size-32, size-34, size-36, size-38, size-40, size-42"
vamas-womens-brocade-padded-front-open-elbow-sleeves-saree-blouse-x-986-elb,"size-32, size-34, size-36, size-38, size-40, size-42, size-44, size-46, size-48, size-50"
vamas-womens-brocade-padded-back-open-elbow-sleeves-saree-blouse-x-977-elb,"size-32, size-34, size-36, size-38, size-40, size-42"
vamas-womens-polyester-padded-back-open-sleeveless-saree-blouse-x-969ns,"size-32, size-34, size-36, size-38, size-40, size-42"
vamas-womens-shimmer-padded-back-open-sleeveless-saree-blouse-x-967ns,"size-32, size-34, size-36, size-38, size-40, size-42"
vamas-womens-velvet-padded-back-open-sleeveless-saree-blouse-x-966ns,"50OFF, Back Open, PADDED BLOUSE, SLEEVELESS, Sweatheart Neck, Velvet, size-32, size-34, size-36, size-38, size-40, size-42, size-44, size-46, size-48, size-50"
vamas-womens-brocade-padded-back-open-short-sleeves-saree-blouse,"size-32, size-34, size-36, size-38, size-40, size-42"
vamas-womens-dupion-silk-padded-back-open-sleeveless-saree-blouse-x-952ns,"BACK-OPEN, DUPION SILK, PADDED BLOUSE, SLEEVELESS, SQUARE NECK, size-32, size-34, size-36, size-38, size-40, size-42"
vamas-womens-net-padded-back-open-sleeveless-saree-blouse-x-951ns,"size-32, size-34, size-36, size-38, size-40, size-42"
vamas-womens-brocade-padded-back-open-sleeveless-saree-blouse-x-949ns,"size-32, size-34, size-36, size-38, size-40, size-42"
vamas-womens-mulbury-silk-padded-back-open-elbow-sleeves-saree-blouse-x-948-elb,"size-32, size-34, size-36, size-38, size-40, size-42"
vamas-womens-brocade-padded-back-open-elbow-sleeves-saree-blouse-x-900-elb,"size-32, size-34, size-36, size-38, size-40, size-42"
vamas-womens-brocade-padded-front-open-short-sleeves-saree-blouse,"size-32, size-34, size-36, size-38, size-40, size-42"
vamas-womens-brocade-padded-front-open-elbow-sleeves-saree-blouse-x-891-elb,"size-32, size-34, size-36, size-38, size-40, size-42"
vamas-womens-net-padded-back-open-elbow-sleeves-saree-blouse-x-869-elb,"size-32, size-34, size-36, size-38, size-40, size-42"
vamas-womens-dupion-silk-padded-front-open-elbow-sleeves-saree-blouse-x-830-elb,"size-32, size-34, size-36, size-38, size-40, size-42, size-44, size-46, size-48, size-50"
vamas-womens-net-padded-back-open-sleeveless-saree-blouse-x-822ns,"size-32, size-34, size-36, size-38, size-40, size-42, size-44, size-46"
vamas-womens-dupion-silk-padded-back-open-sleeveless-saree-blouse-x-822-ns-n,"size-32, size-34, size-36, size-38, size-40, size-42"
vamas-womens-net-padded-back-open-sleeveless-saree-blouse-x-822-as,"size-32, size-34, size-36, size-38, size-40, size-42"
vamas-womens-brocade-padded-front-open-elbow-sleeves-saree-blouse-x-817-elb,"size-32, size-34, size-36, size-38, size-40, size-42"
vamas-womens-dupion-silk-padded-back-open-sleeveless-saree-blouse-x-782ns,"size-32, size-34, size-36, size-38, size-40, size-42"
vamas-womens-tafeta-silk-padded-front-open-elbow-sleeves-saree-blouse-x-768-elb,"50OFF, ELBOW-LENGTH-SLEEVES, FRONT-OPEN, PADDED BLOUSE, ROUND NECK, TAFETA SILK, size-32, size-34, size-36, size-38, size-40, size-42, size-44, size-46, size-48, size-50"
vamas-womens-brocade-padded-front-open-elbow-sleeves-saree-blouse-x-730-elb,"size-32, size-34, size-36, size-38, size-40, size-42"
vamas-womens-dupion-silk-padded-back-open-elbow-sleeves-saree-blouse-vfjkp-39,"50OFF, Back Open, Dupion Silk, ELBOW-SLEEVES, PADDED BLOUSE, V-NECK, size-32, size-34, size-36, size-38, size-40, size-42, size-44, size-46, size-50"
vamas-womens-velvet-padded-back-open-elbow-sleeves-saree-blouse-vfjkp-42,"size-32, size-34, size-36, size-38, size-40, size-42"
vamas-womens-net-padded-back-open-sleeveless-saree-blouse-vfjkp-36,"size-32, size-34, size-36, size-38, size-40, size-42"
vamas-womens-net-padded-back-open-sleeveless-saree-blouse-vfjkp-34,"size-32, size-34, size-36, size-38, size-40, size-42, size-44, size-46"
vamas-womens-tissue-padded-back-open-short-sleeves-saree-blouse,"size-32, size-34, size-36, size-38, size-40, size-42"
vamas-womens-mulbury-silk-padded-back-open-sleeveless-saree-blouse-vfj-24,"size-32, size-34, size-36, size-38, size-40, size-42, size-44, size-46"
vamas-womens-brocade-padded-back-open-sleeveless-saree-blouse-vfj-141,"50OFF, Back Open, BROCADE, PADDED BLOUSE, Round Neck, SLEEVELESS, size-32, size-34, size-36, size-38, size-40, size-42"
vamas-womens-silk-padded-back-open-elbow-sleeves-saree-blouse-vfj-140,"BACK OPEN, ELBOW SLEEVES, FRESH, PADDED BLOUSE, SILK, V-NECK, size-32, size-34, size-36, size-38, size-40, size-42, size-44, size-46, size-48, size-50"
vamas-womens-cotton-padded-back-open-sleeveless-saree-blouse-vfj-139,"size-32, size-34, size-36, size-38, size-40, size-42"
vamas-womens-net-padded-back-open-elbow-sleeves-saree-blouse-vfj-131,"size-32, size-34, size-36, size-38, size-40, size-42"
vamas-womens-jain-silk-padded-back-open-sleeveless-saree-blouse,"size-32, size-34, size-36, size-38, size-40, size-42"
vamas-womens-brocade-padded-back-open-sleeveless-saree-blouse-vf-488-as,"size-32, size-34, size-36, size-38, size-40, size-42, size-44, size-46"
vamas-womens-cotton-padded-back-open-sleeveless-saree-blouse-lec-1491,"size-32, size-34, size-36, size-38, size-40, size-42"
vamas-womens-dupion-silk-padded-front-open-elbow-sleeves-saree-blouse-kp-262-elb,"size-32, size-34, size-36, size-38, size-40, size-42"
vamas-womens-khadi-padded-front-open-elbow-sleeves-saree-blouse,"size-32, size-34, size-36, size-38, size-40, size-42"
vamas-womens-mulbury-silk-padded-front-open-elbow-sleeves-saree-blouse-kp-240-elb,"size-32, size-34, size-36, size-38, size-40, size-42"
vamas-womens-mulbury-silk-padded-front-open-elbow-sleeves-saree-blouse-kp-230-elb,"size-32, size-34, size-36, size-38, size-40, size-42, size-44, size-46"
vamas-womens-mulbury-silk-padded-front-open-elbow-sleeves-saree-blouse-kp-226-elb,"size-32, size-34, size-36, size-38, size-40, size-42"
vamas-womens-mulbury-silk-padded-back-open-elbow-sleeves-saree-blouse-co-668,"size-32, size-34, size-36, size-38, size-40, size-42"
vamas-womens-shimmer-padded-front-open-short-sleeves-saree-blouse-co-289,"size-32, size-34, size-36, size-38, size-40, size-42"
vamas-womens-dupion-silk-padded-back-open-sleeveless-saree-blouse-co-202ns,"size-32, size-34, size-36, size-38, size-40, size-42, size-44"
vamas-womens-jacquard-padded-back-open-sleeveless-saree-blouse-b-15-ns,"size-32, size-34, size-36, size-38, size-40, size-42"
vamas-womens-organza-padded-back-open-elbow-sleeves-saree-blouse,"size-32, size-34, size-36, size-38, size-40, size-42"
vamas-womens-organza-padded-back-open-sleeveless-saree-blouse-b-01-ns,"size-32, size-34, size-36, size-38, size-40, size-42"
vamas-womens-brocade-padded-front-open-short-sleeves-saree-blouse-86b,"size-32, size-34, size-36, size-38, size-40, size-42"
vamas-womens-brocade-padded-back-open-sleeveless-saree-blouse-81ht,"size-32, size-34, size-36, size-38, size-40, size-42"
